Country,Date,Product,Sales Person,Amount,Boxes Shipped
UK,04-01-2022,Mint Chip Choco,Jehu Rudeforth,5320,180
India,01-08-2022,85% Dark Bars,Van Tuxwell,7896,94
India,07-07-2022,Peanut Butter Cubes,Gigi Bohling,4501,91
Australia,27-04-2022,Peanut Butter Cubes,Jan Morforth,12726,342
UK,24-02-2022,Peanut Butter Cubes,Jehu Rudeforth,13685,184
India,06-06-2022,Smooth Sliky Salty,Van Tuxwell,5376,38
UK,25-01-2022,99% Dark & Pure,Oby Sorrel,13685,176
Australia,24-03-2022,After Nines,Gunar Cockshoot,3080,73
New Zealand,20-04-2022,50% Dark Bites,Jehu Rudeforth,3990,59
Australia,04-07-2022,99% Dark & Pure,Brien Boise,2835,102
UK,13-01-2022,Smooth Sliky Salty,Rafaelita Blaksland,4704,62
USA,10-03-2022,Orange Choco,Barr Faughny,3703,11
Canada,13-01-2022,Eclairs,Mallorie Waber,1442,286
New Zealand,28-07-2022,Drinking Coco,Karlen McCaffrey,168,156
New Zealand,03-08-2022,Peanut Butter Cubes,Marney O'Breen,8379,173
Australia,26-01-2022,Organic Choco Syrup,Beverie Moffet,6790,356
Canada,14-02-2022,Organic Choco Syrup,Van Tuxwell,4067,42
USA,05-04-2022,Smooth Sliky Salty,Roddy Speechley,3017,140
Canada,16-02-2022,Milk Bars,Beverie Moffet,8799,250
UK,08-06-2022,85% Dark Bars,Curtice Advani,1085,172
Australia,27-06-2022,Eclairs,Brien Boise,6888,88
USA,17-02-2022,Spicy Special Slims,Gunar Cockshoot,1267,157
USA,30-05-2022,After Nines,Marney O'Breen,4753,163
UK,14-03-2022,Drinking Coco,Husein Augar,3003,113
Australia,28-02-2022,Eclairs,Kaine Padly,7672,115
India,26-01-2022,Fruit & Nut Bars,Karlen McCaffrey,168,321
Canada,09-02-2022,Spicy Special Slims,Roddy Speechley,1652,186
USA,07-07-2022,Eclairs,Husein Augar,4025,112
New Zealand,05-07-2022,White Choc,Dennison Crosswaite,9492,151
New Zealand,15-06-2022,Manuka Honey Choco,Dennison Crosswaite,5061,301
New Zealand,24-05-2022,85% Dark Bars,Van Tuxwell,1722,121
UK,29-06-2022,99% Dark & Pure,Rafaelita Blaksland,12446,150
Australia,11-05-2022,Manuka Honey Choco,Wilone O'Kielt,4284,94
UK,30-06-2022,Almond Choco,Karlen McCaffrey,6839,133
Canada,11-05-2022,After Nines,Andria Kimpton,2163,70
USA,22-07-2022,Manuka Honey Choco,Roddy Speechley,9583,315
UK,24-08-2022,50% Dark Bites,Andria Kimpton,2653,314
New Zealand,07-07-2022,After Nines,Kelci Walkden,147,72
Australia,19-05-2022,85% Dark Bars,Camilla Castle,3654,14
India,04-07-2022,Manuka Honey Choco,Karlen McCaffrey,2443,581
USA,02-06-2022,After Nines,Kelci Walkden,938,16
USA,15-04-2022,Raspberry Choco,Karlen McCaffrey,14749,354
Canada,11-07-2022,Choco Coated Almonds,Mallorie Waber,4781,241
India,23-02-2022,Spicy Special Slims,Andria Kimpton,6307,142
Canada,22-08-2022,Almond Choco,Madelene Upcott,7602,102
USA,16-02-2022,Peanut Butter Cubes,Kaine Padly,6790,188
USA,13-01-2022,50% Dark Bites,Van Tuxwell,9737,160
Australia,14-02-2022,Milk Bars,Curtice Advani,6979,18
India,10-06-2022,Eclairs,Roddy Speechley,4382,303
India,07-07-2022,Fruit & Nut Bars,Curtice Advani,5243,176
Canada,24-03-2022,Almond Choco,Curtice Advani,4865,70
Australia,06-06-2022,Fruit & Nut Bars,Brien Boise,8575,23
Australia,19-07-2022,Drinking Coco,Dotty Strutley,91,135
USA,19-04-2022,Raspberry Choco,Beverie Moffet,14798,83
India,19-07-2022,85% Dark Bars,Marney O'Breen,2205,179
Canada,15-07-2022,Drinking Coco,Jehu Rudeforth,441,24
New Zealand,14-02-2022,Spicy Special Slims,Ches Bonnell,3556,18
Canada,18-05-2022,99% Dark & Pure,Brien Boise,16793,416
Australia,30-06-2022,Fruit & Nut Bars,Barr Faughny,15421,55
Australia,02-06-2022,50% Dark Bites,Andria Kimpton,4438,227
Australia,28-06-2022,Drinking Coco,Andria Kimpton,1603,48
Australia,16-05-2022,Organic Choco Syrup,Marney O'Breen,273,174
Canada,26-05-2022,Baker's Choco Chips,Kelci Walkden,3073,302
India,06-07-2022,Almond Choco,Karlen McCaffrey,6090,149
India,27-05-2022,99% Dark & Pure,Oby Sorrel,10255,11
Australia,14-04-2022,Caramel Stuffed Bars,Wilone O'Kielt,2030,11
Australia,10-08-2022,Organic Choco Syrup,Van Tuxwell,19453,14
India,04-07-2022,50% Dark Bites,Camilla Castle,9275,411
India,08-07-2022,Organic Choco Syrup,Oby Sorrel,6181,56
USA,22-07-2022,Peanut Butter Cubes,Jan Morforth,9037,102
USA,02-03-2022,Choco Coated Almonds,Gigi Bohling,12313,103
UK,10-01-2022,Almond Choco,Gigi Bohling,5642,9
New Zealand,11-03-2022,White Choc,Jehu Rudeforth,2800,241
New Zealand,20-06-2022,Peanut Butter Cubes,Andria Kimpton,959,265
UK,26-08-2022,Organic Choco Syrup,Van Tuxwell,2002,214
Canada,13-07-2022,Milk Bars,Roddy Speechley,609,32
USA,11-02-2022,Spicy Special Slims,Camilla Castle,1274,244
USA,27-01-2022,Orange Choco,Marney O'Breen,7595,181
UK,31-01-2022,99% Dark & Pure,Van Tuxwell,4725,137
USA,18-08-2022,White Choc,Camilla Castle,9681,24
USA,30-06-2022,Raspberry Choco,Andria Kimpton,14504,21
Australia,23-08-2022,Fruit & Nut Bars,Dotty Strutley,280,311
New Zealand,01-08-2022,Mint Chip Choco,Brien Boise,63,181
New Zealand,25-05-2022,After Nines,Roddy Speechley,8001,10
Canada,10-01-2022,Organic Choco Syrup,Roddy Speechley,4032,82
Australia,07-02-2022,70% Dark Bites,Dennison Crosswaite,5859,108
USA,12-05-2022,Orange Choco,Karlen McCaffrey,11095,401
Australia,07-03-2022,Spicy Special Slims,Madelene Upcott,7182,408
Australia,05-04-2022,85% Dark Bars,Dennison Crosswaite,6881,420
Canada,03-01-2022,Caramel Stuffed Bars,Andria Kimpton,7154,348
UK,24-03-2022,Eclairs,Dennison Crosswaite,6188,270
India,07-07-2022,Raspberry Choco,Madelene Upcott,4221,9
USA,26-07-2022,After Nines,Van Tuxwell,630,264
Australia,07-07-2022,Organic Choco Syrup,Wilone O'Kielt,1743,111
Canada,15-07-2022,50% Dark Bites,Karlen McCaffrey,2919,65
New Zealand,01-04-2022,Orange Choco,Roddy Speechley,49,97
Australia,20-06-2022,Eclairs,Beverie Moffet,1827,6
UK,29-06-2022,Fruit & Nut Bars,Kelci Walkden,13006,482
USA,15-06-2022,50% Dark Bites,Marney O'Breen,1064,106
USA,08-04-2022,After Nines,Husein Augar,11571,180
Australia,14-03-2022,Raspberry Choco,Dennison Crosswaite,5740,31
USA,15-07-2022,Fruit & Nut Bars,Andria Kimpton,1456,359
India,19-04-2022,Eclairs,Kelci Walkden,5334,80
USA,28-03-2022,99% Dark & Pure,Marney O'Breen,4151,296
Canada,04-03-2022,Spicy Special Slims,Brien Boise,8106,101
New Zealand,02-08-2022,70% Dark Bites,Karlen McCaffrey,126,40
UK,25-08-2022,Spicy Special Slims,Husein Augar,4697,42
USA,25-02-2022,Almond Choco,Marney O'Breen,7798,167
India,07-06-2022,Orange Choco,Kelci Walkden,9408,138
India,12-04-2022,Spicy Special Slims,Jan Morforth,1939,520
India,06-07-2022,Spicy Special Slims,Ches Bonnell,10906,94
UK,19-01-2022,Smooth Sliky Salty,Kelci Walkden,5929,175
Australia,05-01-2022,Fruit & Nut Bars,Madelene Upcott,5579,92
Canada,24-01-2022,70% Dark Bites,Madelene Upcott,10927,141
Australia,06-04-2022,Drinking Coco,Wilone O'Kielt,623,283
Australia,15-06-2022,Fruit & Nut Bars,Gunar Cockshoot,6013,21
Canada,28-01-2022,Baker's Choco Chips,Gigi Bohling,1505,47
India,16-03-2022,Caramel Stuffed Bars,Kelci Walkden,476,125
Australia,21-02-2022,Drinking Coco,Rafaelita Blaksland,11550,396
USA,16-02-2022,Manuka Honey Choco,Kelci Walkden,17318,87
Canada,13-01-2022,Spicy Special Slims,Jehu Rudeforth,1848,27
Australia,23-03-2022,Eclairs,Kelci Walkden,7273,547
Canada,16-06-2022,Spicy Special Slims,Curtice Advani,854,118
India,14-04-2022,Raspberry Choco,Oby Sorrel,6832,46
UK,25-01-2022,Eclairs,Kelci Walkden,4606,57
India,11-03-2022,Almond Choco,Jan Morforth,4466,22
UK,28-07-2022,Almond Choco,Dotty Strutley,16114,96
New Zealand,09-03-2022,After Nines,Marney O'Breen,1561,44
Australia,28-06-2022,Orange Choco,Husein Augar,8897,188
Australia,28-07-2022,Milk Bars,Marney O'Breen,2464,387
Canada,15-08-2022,99% Dark & Pure,Kelci Walkden,4830,50
Australia,12-01-2022,Manuka Honey Choco,Kaine Padly,2765,264
New Zealand,24-03-2022,White Choc,Beverie Moffet,7126,7
UK,25-07-2022,Milk Bars,Van Tuxwell,4263,90
Canada,01-08-2022,99% Dark & Pure,Oby Sorrel,3605,403
India,16-05-2022,Organic Choco Syrup,Van Tuxwell,19929,174
India,10-08-2022,Smooth Sliky Salty,Roddy Speechley,5103,140
India,05-01-2022,Eclairs,Jan Morforth,2541,27
UK,11-07-2022,Smooth Sliky Salty,Ches Bonnell,5663,110
USA,25-04-2022,After Nines,Wilone O'Kielt,392,30
New Zealand,04-04-2022,Fruit & Nut Bars,Gigi Bohling,10976,121
USA,12-04-2022,Raspberry Choco,Barr Faughny,9282,101
New Zealand,02-08-2022,85% Dark Bars,Wilone O'Kielt,1827,117
New Zealand,28-06-2022,Manuka Honey Choco,Gigi Bohling,8267,272
Australia,05-07-2022,Eclairs,Ches Bonnell,4116,128
New Zealand,07-06-2022,Choco Coated Almonds,Rafaelita Blaksland,2093,45
New Zealand,18-01-2022,Smooth Sliky Salty,Brien Boise,1015,27
Australia,04-01-2022,Baker's Choco Chips,Brien Boise,12516,212
Australia,31-01-2022,99% Dark & Pure,Dennison Crosswaite,2758,18
India,14-03-2022,Almond Choco,Kelci Walkden,3297,149
Australia,29-04-2022,70% Dark Bites,Camilla Castle,6048,477
India,07-02-2022,Smooth Sliky Salty,Oby Sorrel,10101,108
UK,31-03-2022,Organic Choco Syrup,Kaine Padly,2282,178
India,16-03-2022,Caramel Stuffed Bars,Marney O'Breen,4361,81
UK,25-01-2022,Eclairs,Karlen McCaffrey,7798,196
India,20-06-2022,Baker's Choco Chips,Van Tuxwell,3052,447
UK,29-03-2022,After Nines,Gigi Bohling,8029,175
Australia,12-07-2022,Orange Choco,Curtice Advani,854,136
Canada,11-07-2022,Smooth Sliky Salty,Jehu Rudeforth,5460,138
Canada,19-01-2022,Smooth Sliky Salty,Karlen McCaffrey,3017,184
USA,05-04-2022,85% Dark Bars,Andria Kimpton,8911,82
Canada,21-02-2022,Milk Bars,Jehu Rudeforth,7203,12
New Zealand,20-05-2022,Caramel Stuffed Bars,Rafaelita Blaksland,13083,14
Australia,29-07-2022,Milk Bars,Mallorie Waber,2779,104
USA,28-01-2022,Fruit & Nut Bars,Barr Faughny,9058,46
UK,19-07-2022,Caramel Stuffed Bars,Marney O'Breen,3549,112
New Zealand,13-04-2022,Manuka Honey Choco,Mallorie Waber,9436,11
India,11-02-2022,Peanut Butter Cubes,Roddy Speechley,10283,21
New Zealand,02-03-2022,Milk Bars,Roddy Speechley,5446,116
Australia,02-03-2022,White Choc,Ches Bonnell,1043,202
USA,28-07-2022,99% Dark & Pure,Van Tuxwell,12586,6
India,07-01-2022,After Nines,Kelci Walkden,1687,520
UK,12-04-2022,White Choc,Brien Boise,5299,167
Canada,27-06-2022,Almond Choco,Van Tuxwell,3213,72
Australia,14-01-2022,50% Dark Bites,Jehu Rudeforth,5194,418
UK,07-02-2022,Baker's Choco Chips,Karlen McCaffrey,4753,389
Australia,23-03-2022,Orange Choco,Jehu Rudeforth,13706,26
India,10-01-2022,Peanut Butter Cubes,Marney O'Breen,6489,146
UK,17-03-2022,Choco Coated Almonds,Oby Sorrel,9324,41
USA,21-01-2022,Spicy Special Slims,Gigi Bohling,10829,54
Australia,04-07-2022,White Choc,Barr Faughny,8113,370
Canada,04-07-2022,Peanut Butter Cubes,Kaine Padly,3269,176
USA,10-08-2022,Manuka Honey Choco,Dotty Strutley,273,210
Australia,01-04-2022,50% Dark Bites,Dennison Crosswaite,7287,12
India,22-02-2022,Raspberry Choco,Gigi Bohling,2583,159
UK,03-01-2022,White Choc,Camilla Castle,9982,187
India,31-05-2022,Drinking Coco,Karlen McCaffrey,4795,233
UK,03-01-2022,99% Dark & Pure,Dotty Strutley,9310,282
New Zealand,27-01-2022,Caramel Stuffed Bars,Husein Augar,497,475
UK,28-01-2022,50% Dark Bites,Barr Faughny,581,65
Australia,28-06-2022,Organic Choco Syrup,Curtice Advani,3472,311
UK,02-03-2022,Choco Coated Almonds,Husein Augar,4333,43
Australia,27-05-2022,After Nines,Wilone O'Kielt,3325,26
USA,30-06-2022,Almond Choco,Dennison Crosswaite,11718,84
Canada,07-06-2022,Peanut Butter Cubes,Barr Faughny,2100,78
USA,12-05-2022,70% Dark Bites,Kaine Padly,4018,100
New Zealand,29-07-2022,Raspberry Choco,Barr Faughny,6468,66
UK,03-08-2022,White Choc,Dennison Crosswaite,7238,265
India,18-08-2022,Baker's Choco Chips,Barr Faughny,6454,141
New Zealand,14-06-2022,Smooth Sliky Salty,Van Tuxwell,3115,42
UK,30-06-2022,White Choc,Beverie Moffet,6475,76
New Zealand,13-06-2022,Mint Chip Choco,Camilla Castle,1162,190
UK,27-04-2022,Orange Choco,Ches Bonnell,14238,54
Australia,27-07-2022,White Choc,Jan Morforth,3472,32
Canada,20-04-2022,85% Dark Bars,Mallorie Waber,1428,424
India,04-01-2022,Spicy Special Slims,Rafaelita Blaksland,8064,134
Australia,21-02-2022,Mint Chip Choco,Ches Bonnell,9660,92
Australia,05-01-2022,White Choc,Karlen McCaffrey,7357,48
India,15-07-2022,Drinking Coco,Beverie Moffet,6055,46
Australia,25-05-2022,Choco Coated Almonds,Brien Boise,5124,62
Canada,20-04-2022,Eclairs,Karlen McCaffrey,3479,358
USA,02-06-2022,99% Dark & Pure,Gigi Bohling,784,249
UK,13-05-2022,Smooth Sliky Salty,Marney O'Breen,18991,88
New Zealand,03-08-2022,Baker's Choco Chips,Beverie Moffet,1372,144
Australia,25-05-2022,Milk Bars,Beverie Moffet,735,390
UK,16-03-2022,Raspberry Choco,Van Tuxwell,6538,79
Australia,04-07-2022,Orange Choco,Jan Morforth,3199,122
India,05-07-2022,50% Dark Bites,Jehu Rudeforth,3472,135
USA,15-03-2022,After Nines,Madelene Upcott,4571,430
UK,22-08-2022,Raspberry Choco,Barr Faughny,5481,69
Australia,12-01-2022,70% Dark Bites,Ches Bonnell,3136,125
UK,10-06-2022,Baker's Choco Chips,Marney O'Breen,252,154
Australia,25-03-2022,Peanut Butter Cubes,Kaine Padly,5460,286
India,27-07-2022,Almond Choco,Rafaelita Blaksland,3395,99
UK,15-04-2022,Caramel Stuffed Bars,Husein Augar,14938,433
India,27-06-2022,Orange Choco,Roddy Speechley,4053,19
UK,14-04-2022,70% Dark Bites,Jehu Rudeforth,5565,258
Australia,15-03-2022,Manuka Honey Choco,Husein Augar,7161,92
USA,18-03-2022,Eclairs,Madelene Upcott,8883,200
India,29-04-2022,Eclairs,Brien Boise,1351,61
New Zealand,25-02-2022,White Choc,Mallorie Waber,3171,246
USA,02-03-2022,Milk Bars,Husein Augar,854,56
Australia,20-06-2022,Milk Bars,Van Tuxwell,7910,87
Canada,15-07-2022,White Choc,Beverie Moffet,9275,173
Australia,12-05-2022,50% Dark Bites,Dotty Strutley,3108,252
New Zealand,01-07-2022,Organic Choco Syrup,Mallorie Waber,5075,256
USA,08-08-2022,85% Dark Bars,Husein Augar,378,54
Australia,25-07-2022,50% Dark Bites,Madelene Upcott,7350,6
UK,18-05-2022,Drinking Coco,Wilone O'Kielt,3388,55
India,15-07-2022,Peanut Butter Cubes,Camilla Castle,11837,277
India,05-07-2022,70% Dark Bites,Curtice Advani,2282,44
USA,04-07-2022,Manuka Honey Choco,Mallorie Waber,5425,96
UK,20-06-2022,70% Dark Bites,Dotty Strutley,1267,216
Australia,25-01-2022,Almond Choco,Gunar Cockshoot,3752,424
New Zealand,01-07-2022,Spicy Special Slims,Kaine Padly,7728,37
USA,13-04-2022,50% Dark Bites,Gigi Bohling,2296,59
UK,04-05-2022,Smooth Sliky Salty,Beverie Moffet,4403,76
Australia,04-08-2022,Baker's Choco Chips,Beverie Moffet,3192,109
India,01-06-2022,70% Dark Bites,Beverie Moffet,448,146
UK,22-04-2022,Choco Coated Almonds,Jehu Rudeforth,4270,185
USA,03-08-2022,50% Dark Bites,Kaine Padly,70,27
USA,10-06-2022,Orange Choco,Ches Bonnell,1743,69
UK,27-06-2022,Manuka Honey Choco,Gunar Cockshoot,6762,46
Australia,03-01-2022,Smooth Sliky Salty,Marney O'Breen,3745,170
India,11-07-2022,After Nines,Marney O'Breen,2639,179
New Zealand,17-08-2022,Milk Bars,Ches Bonnell,4389,126
USA,18-01-2022,Fruit & Nut Bars,Rafaelita Blaksland,2604,65
India,08-03-2022,Organic Choco Syrup,Ches Bonnell,16569,99
Australia,07-03-2022,Orange Choco,Mallorie Waber,14658,275
India,09-05-2022,70% Dark Bites,Husein Augar,6454,157
New Zealand,23-05-2022,85% Dark Bars,Barr Faughny,2100,157
UK,15-04-2022,Caramel Stuffed Bars,Madelene Upcott,161,145
Australia,27-07-2022,Drinking Coco,Gigi Bohling,2807,139
Canada,22-08-2022,Choco Coated Almonds,Marney O'Breen,2639,406
USA,11-05-2022,70% Dark Bites,Ches Bonnell,4571,122
India,26-01-2022,Organic Choco Syrup,Madelene Upcott,4781,38
USA,14-04-2022,50% Dark Bites,Barr Faughny,13034,117
New Zealand,05-04-2022,Mint Chip Choco,Dennison Crosswaite,6454,417
New Zealand,14-06-2022,Smooth Sliky Salty,Marney O'Breen,8484,57
Canada,13-04-2022,Almond Choco,Brien Boise,4781,125
Australia,27-06-2022,White Choc,Beverie Moffet,2240,166
Australia,26-01-2022,Eclairs,Dotty Strutley,6979,3
UK,05-07-2022,White Choc,Barr Faughny,1652,72
Canada,11-01-2022,Baker's Choco Chips,Beverie Moffet,13447,95
USA,07-03-2022,White Choc,Kelci Walkden,9422,22
Canada,04-03-2022,50% Dark Bites,Kaine Padly,8687,100
Canada,15-07-2022,Organic Choco Syrup,Karlen McCaffrey,2415,312
UK,11-05-2022,Peanut Butter Cubes,Kaine Padly,6272,86
USA,27-01-2022,Milk Bars,Karlen McCaffrey,4389,7
India,27-06-2022,Orange Choco,Karlen McCaffrey,3122,149
India,03-08-2022,Smooth Sliky Salty,Ches Bonnell,8043,18
New Zealand,19-08-2022,Mint Chip Choco,Wilone O'Kielt,11662,242
Australia,15-06-2022,Fruit & Nut Bars,Wilone O'Kielt,392,102
UK,07-02-2022,Peanut Butter Cubes,Dennison Crosswaite,8925,158
Australia,08-07-2022,Almond Choco,Karlen McCaffrey,7294,128
India,21-04-2022,Milk Bars,Dennison Crosswaite,1526,96
UK,08-04-2022,Mint Chip Choco,Ches Bonnell,2688,209
Australia,19-08-2022,50% Dark Bites,Husein Augar,14889,52
India,04-05-2022,Fruit & Nut Bars,Jan Morforth,2912,55
USA,11-05-2022,85% Dark Bars,Mallorie Waber,2632,108
USA,22-03-2022,Eclairs,Mallorie Waber,6328,51
Canada,10-08-2022,Spicy Special Slims,Dennison Crosswaite,2527,216
USA,04-05-2022,Fruit & Nut Bars,Dennison Crosswaite,1414,318
USA,18-08-2022,99% Dark & Pure,Kelci Walkden,7714,238
Canada,03-08-2022,Raspberry Choco,Dotty Strutley,4347,238
New Zealand,14-01-2022,Milk Bars,Marney O'Breen,7490,315
Australia,08-04-2022,Choco Coated Almonds,Madelene Upcott,2058,72
UK,01-08-2022,Orange Choco,Kelci Walkden,3640,3
Canada,15-03-2022,Eclairs,Dennison Crosswaite,455,45
India,15-07-2022,Mint Chip Choco,Karlen McCaffrey,10990,184
New Zealand,13-01-2022,Almond Choco,Barr Faughny,5558,127
Australia,26-08-2022,85% Dark Bars,Mallorie Waber,2541,53
Canada,10-01-2022,Eclairs,Ches Bonnell,1876,172
Australia,11-05-2022,White Choc,Gigi Bohling,5523,87
New Zealand,30-08-2022,85% Dark Bars,Beverie Moffet,11200,22
USA,21-07-2022,Caramel Stuffed Bars,Kaine Padly,5593,122
Australia,01-08-2022,Almond Choco,Mallorie Waber,7882,125
Canada,17-02-2022,85% Dark Bars,Brien Boise,10241,259
Australia,27-07-2022,Drinking Coco,Brien Boise,6832,156
USA,23-02-2022,Orange Choco,Dotty Strutley,1379,107
Australia,22-03-2022,50% Dark Bites,Rafaelita Blaksland,3010,40
India,23-06-2022,99% Dark & Pure,Dennison Crosswaite,6888,311
UK,01-02-2022,White Choc,Curtice Advani,1540,73
Australia,02-03-2022,After Nines,Kelci Walkden,6916,288
UK,06-04-2022,Fruit & Nut Bars,Gigi Bohling,1232,86
Australia,17-03-2022,Raspberry Choco,Gunar Cockshoot,602,72
UK,24-06-2022,Fruit & Nut Bars,Curtice Advani,10927,136
Canada,19-07-2022,50% Dark Bites,Barr Faughny,10185,303
USA,11-07-2022,Spicy Special Slims,Curtice Advani,1603,264
India,13-01-2022,Almond Choco,Brien Boise,2170,218
New Zealand,07-07-2022,Smooth Sliky Salty,Oby Sorrel,8673,60
India,25-05-2022,85% Dark Bars,Jan Morforth,4760,418
India,13-04-2022,Fruit & Nut Bars,Marney O'Breen,4753,151
New Zealand,02-03-2022,50% Dark Bites,Andria Kimpton,3374,202
Canada,23-06-2022,Raspberry Choco,Gunar Cockshoot,2058,126
USA,26-07-2022,Drinking Coco,Kelci Walkden,6454,160
Canada,22-03-2022,White Choc,Van Tuxwell,420,3
USA,09-06-2022,Baker's Choco Chips,Rafaelita Blaksland,2863,58
Australia,17-05-2022,Caramel Stuffed Bars,Van Tuxwell,5936,59
New Zealand,04-03-2022,Peanut Butter Cubes,Ches Bonnell,889,273
Canada,07-07-2022,Milk Bars,Kelci Walkden,16016,28
Canada,13-01-2022,Choco Coated Almonds,Dennison Crosswaite,10479,118
Australia,13-07-2022,Almond Choco,Curtice Advani,2912,75
Australia,16-06-2022,85% Dark Bars,Madelene Upcott,1575,329
UK,18-07-2022,50% Dark Bites,Gigi Bohling,8197,69
UK,30-05-2022,Manuka Honey Choco,Ches Bonnell,4221,395
UK,21-06-2022,70% Dark Bites,Gigi Bohling,840,81
Australia,24-06-2022,Peanut Butter Cubes,Jehu Rudeforth,5691,38
India,13-01-2022,Eclairs,Marney O'Breen,3472,96
Canada,04-04-2022,Fruit & Nut Bars,Curtice Advani,4193,195
UK,08-06-2022,Smooth Sliky Salty,Kaine Padly,9016,554
Canada,02-08-2022,Spicy Special Slims,Karlen McCaffrey,6328,47
USA,21-07-2022,Organic Choco Syrup,Kelci Walkden,9870,152
India,20-06-2022,Spicy Special Slims,Curtice Advani,161,134
India,22-06-2022,After Nines,Roddy Speechley,2576,112
Australia,02-05-2022,Caramel Stuffed Bars,Camilla Castle,3178,16
Australia,07-01-2022,99% Dark & Pure,Curtice Advani,4676,84
UK,21-02-2022,50% Dark Bites,Mallorie Waber,5502,99
Canada,21-03-2022,Baker's Choco Chips,Ches Bonnell,7462,371
UK,04-04-2022,Drinking Coco,Van Tuxwell,5803,136
Canada,24-03-2022,Fruit & Nut Bars,Gunar Cockshoot,13888,203
New Zealand,28-06-2022,Spicy Special Slims,Gunar Cockshoot,6867,183
Australia,14-01-2022,Drinking Coco,Gunar Cockshoot,2317,195
New Zealand,07-02-2022,Fruit & Nut Bars,Karlen McCaffrey,1218,135
New Zealand,11-01-2022,Drinking Coco,Dennison Crosswaite,4109,197
India,25-02-2022,99% Dark & Pure,Jehu Rudeforth,1953,242
Australia,01-08-2022,Mint Chip Choco,Dotty Strutley,6790,25
Australia,05-05-2022,Mint Chip Choco,Roddy Speechley,6797,252
New Zealand,18-05-2022,Raspberry Choco,Madelene Upcott,9226,415
New Zealand,04-01-2022,Choco Coated Almonds,Dotty Strutley,5733,348
New Zealand,09-05-2022,50% Dark Bites,Roddy Speechley,4312,211
India,06-05-2022,Smooth Sliky Salty,Rafaelita Blaksland,1638,81
UK,13-01-2022,White Choc,Husein Augar,10815,145
Australia,24-06-2022,Almond Choco,Roddy Speechley,4466,74
USA,14-02-2022,Caramel Stuffed Bars,Van Tuxwell,987,21
Australia,18-01-2022,99% Dark & Pure,Camilla Castle,4669,101
India,02-05-2022,Milk Bars,Kaine Padly,2905,91
Australia,16-05-2022,Smooth Sliky Salty,Ches Bonnell,7490,54
USA,28-01-2022,Almond Choco,Mallorie Waber,6986,368
Canada,24-06-2022,99% Dark & Pure,Kaine Padly,1288,409
UK,18-07-2022,After Nines,Oby Sorrel,2345,104
UK,13-04-2022,Eclairs,Gunar Cockshoot,3619,164
USA,15-04-2022,Caramel Stuffed Bars,Dotty Strutley,16982,76
India,04-01-2022,Peanut Butter Cubes,Jan Morforth,8092,178
Australia,04-07-2022,Eclairs,Husein Augar,6993,31
USA,24-03-2022,Smooth Sliky Salty,Beverie Moffet,2317,352
Australia,17-03-2022,Manuka Honey Choco,Camilla Castle,637,169
Australia,15-02-2022,Almond Choco,Oby Sorrel,6034,223
USA,29-06-2022,Orange Choco,Jan Morforth,980,146
USA,24-05-2022,Fruit & Nut Bars,Gigi Bohling,2821,112
UK,10-01-2022,Milk Bars,Mallorie Waber,3563,284
USA,15-03-2022,Raspberry Choco,Curtice Advani,2996,139
Canada,08-02-2022,Milk Bars,Marney O'Breen,2436,309
India,25-02-2022,Caramel Stuffed Bars,Brien Boise,1540,100
USA,03-05-2022,Eclairs,Gunar Cockshoot,6916,42
USA,14-06-2022,Fruit & Nut Bars,Roddy Speechley,5509,24
India,09-08-2022,50% Dark Bites,Gunar Cockshoot,12992,83
New Zealand,11-07-2022,Manuka Honey Choco,Wilone O'Kielt,3724,234
UK,14-01-2022,Manuka Honey Choco,Kaine Padly,7133,118
Canada,24-02-2022,Manuka Honey Choco,Van Tuxwell,8617,46
New Zealand,15-03-2022,Almond Choco,Wilone O'Kielt,9198,144
New Zealand,25-04-2022,Baker's Choco Chips,Oby Sorrel,11823,47
Australia,10-05-2022,Organic Choco Syrup,Dennison Crosswaite,5775,41
Australia,23-06-2022,Spicy Special Slims,Marney O'Breen,13125,275
Canada,28-02-2022,Smooth Sliky Salty,Beverie Moffet,14287,370
USA,25-05-2022,Organic Choco Syrup,Brien Boise,16233,138
New Zealand,22-02-2022,Baker's Choco Chips,Roddy Speechley,5313,215
UK,11-07-2022,85% Dark Bars,Van Tuxwell,3577,134
Canada,03-01-2022,Spicy Special Slims,Marney O'Breen,3528,336
New Zealand,24-08-2022,70% Dark Bites,Rafaelita Blaksland,679,280
USA,28-07-2022,50% Dark Bites,Beverie Moffet,2450,352
USA,25-05-2022,Mint Chip Choco,Brien Boise,10577,150
New Zealand,06-05-2022,Eclairs,Karlen McCaffrey,2597,177
India,28-01-2022,Drinking Coco,Barr Faughny,2219,142
UK,06-06-2022,Orange Choco,Marney O'Breen,11319,12
New Zealand,12-07-2022,Baker's Choco Chips,Brien Boise,5978,24
Canada,05-08-2022,Spicy Special Slims,Ches Bonnell,5327,183
USA,28-01-2022,Orange Choco,Brien Boise,6020,147
India,31-08-2022,Spicy Special Slims,Kaine Padly,5614,137
USA,19-04-2022,50% Dark Bites,Mallorie Waber,1736,13
UK,29-06-2022,Mint Chip Choco,Mallorie Waber,6384,2
India,24-02-2022,Choco Coated Almonds,Beverie Moffet,3577,261
UK,04-03-2022,Smooth Sliky Salty,Madelene Upcott,14539,84
India,21-06-2022,Eclairs,Gigi Bohling,3493,68
Australia,26-01-2022,Organic Choco Syrup,Rafaelita Blaksland,994,105
New Zealand,10-06-2022,White Choc,Oby Sorrel,4361,40
UK,23-05-2022,Drinking Coco,Andria Kimpton,1554,65
India,15-04-2022,Milk Bars,Kelci Walkden,966,107
New Zealand,31-01-2022,Caramel Stuffed Bars,Karlen McCaffrey,5334,227
New Zealand,04-03-2022,Organic Choco Syrup,Andria Kimpton,4935,39
New Zealand,19-04-2022,After Nines,Barr Faughny,10024,84
UK,16-05-2022,Almond Choco,Beverie Moffet,2506,100
Australia,17-02-2022,Raspberry Choco,Oby Sorrel,1043,120
USA,18-01-2022,Raspberry Choco,Dennison Crosswaite,6524,257
Canada,09-02-2022,Orange Choco,Roddy Speechley,8148,85
Canada,23-03-2022,Orange Choco,Mallorie Waber,3577,178
New Zealand,01-02-2022,Caramel Stuffed Bars,Madelene Upcott,3374,151
India,07-03-2022,Drinking Coco,Mallorie Waber,3948,142
UK,03-01-2022,White Choc,Ches Bonnell,3269,226
USA,11-02-2022,White Choc,Ches Bonnell,5271,341
New Zealand,16-03-2022,Orange Choco,Dennison Crosswaite,4571,140
India,15-08-2022,White Choc,Dotty Strutley,12327,330
India,12-05-2022,Manuka Honey Choco,Gigi Bohling,4935,73
India,11-04-2022,Spicy Special Slims,Van Tuxwell,6167,4
New Zealand,30-06-2022,Mint Chip Choco,Jan Morforth,18340,285
New Zealand,15-06-2022,White Choc,Dotty Strutley,7014,60
Canada,01-08-2022,Caramel Stuffed Bars,Rafaelita Blaksland,7119,101
USA,15-06-2022,Milk Bars,Kaine Padly,15491,58
India,16-06-2022,After Nines,Brien Boise,5747,45
New Zealand,13-05-2022,Raspberry Choco,Oby Sorrel,4550,281
USA,10-05-2022,Drinking Coco,Dennison Crosswaite,2191,138
India,25-08-2022,Eclairs,Oby Sorrel,5663,322
New Zealand,15-07-2022,Organic Choco Syrup,Ches Bonnell,7623,85
UK,16-05-2022,Baker's Choco Chips,Gigi Bohling,9023,409
Australia,14-06-2022,50% Dark Bites,Jan Morforth,3402,182
Australia,25-01-2022,Smooth Sliky Salty,Beverie Moffet,10507,467
USA,28-07-2022,Organic Choco Syrup,Ches Bonnell,7721,14
Canada,28-01-2022,Mint Chip Choco,Brien Boise,5033,178
UK,29-06-2022,Orange Choco,Kaine Padly,1960,191
Australia,24-06-2022,70% Dark Bites,Karlen McCaffrey,238,317
Canada,01-07-2022,Mint Chip Choco,Gunar Cockshoot,7756,410
USA,25-02-2022,Peanut Butter Cubes,Roddy Speechley,1736,137
Canada,01-08-2022,Smooth Sliky Salty,Curtice Advani,2660,12
Australia,21-06-2022,Milk Bars,Oby Sorrel,7672,254
New Zealand,25-01-2022,Spicy Special Slims,Camilla Castle,11564,24
UK,17-05-2022,Milk Bars,Gigi Bohling,1365,232
Australia,23-08-2022,85% Dark Bars,Andria Kimpton,4186,233
Australia,03-03-2022,Smooth Sliky Salty,Camilla Castle,7406,118
India,30-05-2022,Caramel Stuffed Bars,Roddy Speechley,8911,543
USA,29-06-2022,Drinking Coco,Karlen McCaffrey,112,223
Canada,04-01-2022,Organic Choco Syrup,Andria Kimpton,8204,204
Australia,14-01-2022,Drinking Coco,Jehu Rudeforth,2611,65
USA,15-02-2022,Mint Chip Choco,Karlen McCaffrey,15652,53
New Zealand,10-01-2022,Spicy Special Slims,Curtice Advani,4074,469
USA,04-05-2022,White Choc,Madelene Upcott,12250,213
USA,23-05-2022,Spicy Special Slims,Andria Kimpton,2366,5
New Zealand,26-04-2022,Fruit & Nut Bars,Barr Faughny,1687,147
Canada,05-07-2022,Organic Choco Syrup,Oby Sorrel,1232,74
UK,21-07-2022,Organic Choco Syrup,Madelene Upcott,6965,163
USA,21-02-2022,Mint Chip Choco,Dotty Strutley,5292,248
USA,03-02-2022,Orange Choco,Kelci Walkden,1379,138
Australia,08-07-2022,Caramel Stuffed Bars,Gigi Bohling,8001,151
India,31-05-2022,50% Dark Bites,Mallorie Waber,588,139
New Zealand,27-06-2022,Mint Chip Choco,Van Tuxwell,4046,103
India,13-05-2022,50% Dark Bites,Van Tuxwell,5103,129
USA,31-05-2022,Manuka Honey Choco,Van Tuxwell,2317,102
USA,28-02-2022,Orange Choco,Wilone O'Kielt,7042,37
New Zealand,28-03-2022,Eclairs,Barr Faughny,6713,31
USA,14-01-2022,After Nines,Gigi Bohling,1848,227
New Zealand,21-02-2022,Mint Chip Choco,Barr Faughny,6440,145
Canada,01-08-2022,85% Dark Bars,Dennison Crosswaite,10885,90
New Zealand,19-05-2022,Smooth Sliky Salty,Beverie Moffet,2387,59
USA,13-07-2022,White Choc,Husein Augar,2030,60
Australia,20-04-2022,Peanut Butter Cubes,Andria Kimpton,6678,148
India,30-06-2022,85% Dark Bars,Dennison Crosswaite,4515,22
UK,08-03-2022,50% Dark Bites,Curtice Advani,3374,142
USA,09-03-2022,Fruit & Nut Bars,Gunar Cockshoot,5852,93
Canada,16-06-2022,Raspberry Choco,Oby Sorrel,1750,208
UK,30-06-2022,Drinking Coco,Gigi Bohling,5782,42
India,28-07-2022,Mint Chip Choco,Kelci Walkden,2870,120
Canada,12-08-2022,Peanut Butter Cubes,Karlen McCaffrey,3094,159
UK,07-07-2022,Mint Chip Choco,Barr Faughny,3724,316
USA,25-08-2022,85% Dark Bars,Barr Faughny,12761,47
Canada,17-01-2022,Eclairs,Husein Augar,3696,233
Australia,04-03-2022,70% Dark Bites,Jan Morforth,5222,384
New Zealand,25-08-2022,Fruit & Nut Bars,Marney O'Breen,8939,4
UK,15-04-2022,Peanut Butter Cubes,Ches Bonnell,2156,260
USA,11-03-2022,Organic Choco Syrup,Kaine Padly,2380,22
USA,20-05-2022,Raspberry Choco,Camilla Castle,3339,18
New Zealand,14-06-2022,Manuka Honey Choco,Brien Boise,14980,42
New Zealand,14-04-2022,After Nines,Jehu Rudeforth,1512,73
USA,07-07-2022,Smooth Sliky Salty,Jehu Rudeforth,6657,154
India,24-08-2022,Mint Chip Choco,Madelene Upcott,3836,71
India,24-02-2022,Eclairs,Jehu Rudeforth,8771,127
Canada,09-05-2022,Raspberry Choco,Karlen McCaffrey,651,224
Australia,08-02-2022,70% Dark Bites,Kaine Padly,6706,223
UK,24-03-2022,70% Dark Bites,Roddy Speechley,1421,284
USA,20-06-2022,Drinking Coco,Rafaelita Blaksland,8526,73
Canada,07-03-2022,Manuka Honey Choco,Mallorie Waber,1435,112
Australia,20-06-2022,Fruit & Nut Bars,Kaine Padly,7434,85
New Zealand,17-02-2022,Organic Choco Syrup,Oby Sorrel,15316,270
UK,26-01-2022,99% Dark & Pure,Madelene Upcott,10479,45
Australia,02-05-2022,Mint Chip Choco,Madelene Upcott,2751,153
Canada,07-07-2022,99% Dark & Pure,Curtice Advani,12586,7
Australia,22-08-2022,Baker's Choco Chips,Rafaelita Blaksland,2786,51
Australia,11-08-2022,After Nines,Karlen McCaffrey,2303,67
UK,13-01-2022,99% Dark & Pure,Marney O'Breen,8113,194
Australia,02-03-2022,50% Dark Bites,Gunar Cockshoot,12271,116
Australia,27-07-2022,Choco Coated Almonds,Marney O'Breen,11298,41
New Zealand,10-03-2022,Drinking Coco,Kelci Walkden,15855,111
USA,23-08-2022,85% Dark Bars,Beverie Moffet,12404,334
USA,25-04-2022,Eclairs,Roddy Speechley,3990,155
UK,07-03-2022,Milk Bars,Dennison Crosswaite,10808,407
UK,12-07-2022,Organic Choco Syrup,Wilone O'Kielt,4858,52
USA,16-05-2022,Orange Choco,Madelene Upcott,7742,138
India,02-03-2022,Smooth Sliky Salty,Gunar Cockshoot,3752,70
New Zealand,30-05-2022,85% Dark Bars,Marney O'Breen,1218,149
UK,10-06-2022,Manuka Honey Choco,Marney O'Breen,10983,179
USA,25-07-2022,99% Dark & Pure,Brien Boise,6769,353
New Zealand,09-06-2022,Mint Chip Choco,Beverie Moffet,4361,97
USA,12-05-2022,Milk Bars,Dennison Crosswaite,777,60
USA,09-05-2022,Drinking Coco,Gunar Cockshoot,3843,5
Canada,09-08-2022,Manuka Honey Choco,Brien Boise,6930,182
India,13-04-2022,Choco Coated Almonds,Van Tuxwell,5733,114
USA,02-05-2022,Caramel Stuffed Bars,Andria Kimpton,8393,46
USA,09-08-2022,99% Dark & Pure,Dotty Strutley,3822,320
Australia,23-08-2022,Raspberry Choco,Camilla Castle,6342,178
India,13-05-2022,Spicy Special Slims,Gunar Cockshoot,6510,170
USA,01-02-2022,Manuka Honey Choco,Karlen McCaffrey,10171,67
USA,23-06-2022,50% Dark Bites,Camilla Castle,5908,301
UK,24-05-2022,Choco Coated Almonds,Madelene Upcott,10164,134
Canada,01-04-2022,Mint Chip Choco,Jan Morforth,1064,211
Canada,27-07-2022,70% Dark Bites,Camilla Castle,9716,151
India,27-01-2022,Peanut Butter Cubes,Ches Bonnell,22050,208
India,12-08-2022,Choco Coated Almonds,Jan Morforth,2541,134
Canada,01-02-2022,Almond Choco,Gigi Bohling,9989,49
India,02-03-2022,After Nines,Rafaelita Blaksland,4739,204
Australia,30-06-2022,99% Dark & Pure,Kelci Walkden,3185,34
Australia,17-01-2022,Spicy Special Slims,Dotty Strutley,8225,91
USA,07-07-2022,Milk Bars,Brien Boise,14301,130
New Zealand,31-01-2022,Mint Chip Choco,Mallorie Waber,1316,107
UK,10-08-2022,99% Dark & Pure,Beverie Moffet,3486,121
USA,18-08-2022,Peanut Butter Cubes,Beverie Moffet,13930,339
New Zealand,15-06-2022,White Choc,Brien Boise,5509,321
USA,26-01-2022,Baker's Choco Chips,Marney O'Breen,8470,9
USA,29-04-2022,Spicy Special Slims,Kelci Walkden,77,69
Canada,03-03-2022,White Choc,Mallorie Waber,3381,72
Australia,22-02-2022,Almond Choco,Kaine Padly,4102,392
USA,04-03-2022,Smooth Sliky Salty,Oby Sorrel,3577,158
India,07-07-2022,Smooth Sliky Salty,Dennison Crosswaite,2975,9
New Zealand,17-06-2022,Caramel Stuffed Bars,Camilla Castle,4137,347
Canada,02-08-2022,Caramel Stuffed Bars,Jan Morforth,9541,114
USA,12-08-2022,Baker's Choco Chips,Oby Sorrel,8001,120
New Zealand,28-01-2022,Peanut Butter Cubes,Madelene Upcott,5152,333
Australia,29-04-2022,Orange Choco,Kelci Walkden,11116,432
Australia,05-04-2022,Manuka Honey Choco,Marney O'Breen,13076,236
Canada,18-01-2022,Manuka Honey Choco,Kaine Padly,10213,135
UK,16-05-2022,Baker's Choco Chips,Jehu Rudeforth,2485,97
Australia,24-08-2022,White Choc,Kelci Walkden,8715,168
India,18-01-2022,85% Dark Bars,Curtice Advani,273,402
USA,22-08-2022,Eclairs,Kaine Padly,7623,10
UK,07-03-2022,99% Dark & Pure,Gunar Cockshoot,7,84
UK,04-03-2022,Choco Coated Almonds,Beverie Moffet,3010,69
Canada,22-04-2022,Manuka Honey Choco,Dotty Strutley,11550,111
Australia,09-06-2022,Milk Bars,Kaine Padly,4046,89
Canada,25-07-2022,Fruit & Nut Bars,Jan Morforth,8904,199
India,03-08-2022,Smooth Sliky Salty,Jan Morforth,11298,89
Australia,03-08-2022,Manuka Honey Choco,Rafaelita Blaksland,4396,131
UK,03-05-2022,Milk Bars,Jehu Rudeforth,12068,227
Canada,19-01-2022,After Nines,Husein Augar,9772,301
USA,11-02-2022,50% Dark Bites,Roddy Speechley,10458,316
India,14-06-2022,Almond Choco,Van Tuxwell,6426,390
USA,23-03-2022,50% Dark Bites,Kelci Walkden,6188,223
Canada,17-02-2022,85% Dark Bars,Madelene Upcott,7504,101
Canada,17-03-2022,Smooth Sliky Salty,Dennison Crosswaite,1750,479
Australia,29-06-2022,Spicy Special Slims,Mallorie Waber,5439,287
Canada,24-08-2022,Choco Coated Almonds,Ches Bonnell,15547,269
Canada,04-07-2022,Spicy Special Slims,Gigi Bohling,11956,277
New Zealand,28-03-2022,Almond Choco,Roddy Speechley,2723,67
India,19-04-2022,Smooth Sliky Salty,Curtice Advani,19327,135
New Zealand,18-01-2022,Mint Chip Choco,Ches Bonnell,9058,229
New Zealand,17-01-2022,Fruit & Nut Bars,Van Tuxwell,2996,88
New Zealand,15-02-2022,Mint Chip Choco,Andria Kimpton,8848,211
UK,11-02-2022,Milk Bars,Andria Kimpton,14336,293
USA,21-03-2022,Manuka Honey Choco,Camilla Castle,16401,179
New Zealand,05-01-2022,Almond Choco,Gunar Cockshoot,5173,129
India,30-05-2022,Raspberry Choco,Brien Boise,6328,164
USA,04-01-2022,99% Dark & Pure,Jehu Rudeforth,2534,219
Australia,22-04-2022,Fruit & Nut Bars,Beverie Moffet,1435,258
Canada,10-02-2022,Milk Bars,Gigi Bohling,3052,116
India,12-08-2022,Spicy Special Slims,Dotty Strutley,910,204
USA,10-08-2022,Organic Choco Syrup,Gunar Cockshoot,2331,321
Australia,07-06-2022,Raspberry Choco,Kelci Walkden,679,56
India,06-06-2022,Baker's Choco Chips,Jehu Rudeforth,2086,74
New Zealand,05-04-2022,Baker's Choco Chips,Karlen McCaffrey,5012,189
USA,18-04-2022,50% Dark Bites,Wilone O'Kielt,4501,131
India,31-01-2022,50% Dark Bites,Andria Kimpton,13482,15
USA,22-08-2022,Baker's Choco Chips,Madelene Upcott,5621,140
Australia,25-02-2022,99% Dark & Pure,Jehu Rudeforth,10486,198
Australia,22-02-2022,Mint Chip Choco,Jan Morforth,17626,103
New Zealand,12-01-2022,Milk Bars,Oby Sorrel,4494,187
UK,25-05-2022,Almond Choco,Brien Boise,105,125
India,01-02-2022,Smooth Sliky Salty,Kelci Walkden,2464,8
UK,27-04-2022,Eclairs,Rafaelita Blaksland,1379,70
USA,22-07-2022,Smooth Sliky Salty,Gigi Bohling,2583,126
New Zealand,26-01-2022,Mint Chip Choco,Curtice Advani,3220,265
USA,24-08-2022,Mint Chip Choco,Curtice Advani,4802,296
New Zealand,18-01-2022,Fruit & Nut Bars,Madelene Upcott,5677,21
India,30-03-2022,85% Dark Bars,Karlen McCaffrey,945,83
Australia,17-01-2022,Caramel Stuffed Bars,Ches Bonnell,8757,162
USA,17-02-2022,Fruit & Nut Bars,Kelci Walkden,4816,145
Canada,08-04-2022,Peanut Butter Cubes,Kelci Walkden,7532,44
Canada,06-07-2022,Drinking Coco,Gigi Bohling,3549,82
India,04-04-2022,Fruit & Nut Bars,Husein Augar,4340,226
New Zealand,02-03-2022,Organic Choco Syrup,Jan Morforth,1799,207
New Zealand,09-08-2022,Raspberry Choco,Gigi Bohling,1127,176
Australia,09-06-2022,Milk Bars,Dennison Crosswaite,10038,286
UK,02-06-2022,Caramel Stuffed Bars,Ches Bonnell,2926,300
USA,05-07-2022,Fruit & Nut Bars,Van Tuxwell,6279,235
Canada,11-08-2022,Eclairs,Andria Kimpton,308,125
India,11-02-2022,Choco Coated Almonds,Madelene Upcott,3500,145
New Zealand,11-08-2022,Spicy Special Slims,Kelci Walkden,658,65
Australia,12-05-2022,Drinking Coco,Roddy Speechley,12565,102
USA,15-07-2022,Milk Bars,Wilone O'Kielt,5012,93
India,18-01-2022,Organic Choco Syrup,Andria Kimpton,3955,134
UK,05-01-2022,Fruit & Nut Bars,Madelene Upcott,8512,189
Australia,29-06-2022,50% Dark Bites,Curtice Advani,504,232
Canada,14-06-2022,Raspberry Choco,Brien Boise,2800,45
India,08-08-2022,Mint Chip Choco,Gunar Cockshoot,4256,67
India,23-03-2022,Mint Chip Choco,Dennison Crosswaite,13573,138
India,04-01-2022,Caramel Stuffed Bars,Barr Faughny,6566,99
India,22-02-2022,Milk Bars,Brien Boise,13503,251
UK,17-02-2022,Spicy Special Slims,Beverie Moffet,8680,252
USA,03-02-2022,Almond Choco,Barr Faughny,385,78
Canada,17-03-2022,Raspberry Choco,Van Tuxwell,1267,130
Australia,25-01-2022,Baker's Choco Chips,Wilone O'Kielt,2961,154
Australia,27-07-2022,Milk Bars,Brien Boise,1981,52
Australia,28-01-2022,Fruit & Nut Bars,Husein Augar,7959,53
Australia,05-07-2022,Organic Choco Syrup,Madelene Upcott,10794,50
India,15-03-2022,White Choc,Van Tuxwell,1897,44
Canada,04-08-2022,After Nines,Gunar Cockshoot,2744,200
USA,27-06-2022,Fruit & Nut Bars,Jan Morforth,4382,361
Canada,13-07-2022,After Nines,Jan Morforth,4515,172
New Zealand,24-02-2022,Manuka Honey Choco,Barr Faughny,5474,239
New Zealand,28-06-2022,85% Dark Bars,Karlen McCaffrey,6069,55
Australia,30-06-2022,85% Dark Bars,Oby Sorrel,6944,27
Canada,18-08-2022,Choco Coated Almonds,Curtice Advani,5859,7
India,24-01-2022,70% Dark Bites,Kaine Padly,12173,301
USA,11-03-2022,White Choc,Beverie Moffet,5292,134
New Zealand,23-06-2022,After Nines,Ches Bonnell,5705,350
India,22-08-2022,Spicy Special Slims,Husein Augar,2492,33
Canada,04-01-2022,50% Dark Bites,Gunar Cockshoot,3024,23
India,05-04-2022,Milk Bars,Curtice Advani,3437,201
India,15-04-2022,Milk Bars,Beverie Moffet,1869,323
Australia,11-05-2022,White Choc,Husein Augar,3171,220
Canada,21-07-2022,Manuka Honey Choco,Andria Kimpton,4858,488
New Zealand,11-02-2022,Orange Choco,Jan Morforth,1225,84
Canada,08-07-2022,Smooth Sliky Salty,Andria Kimpton,1155,79
UK,11-08-2022,Raspberry Choco,Gunar Cockshoot,6811,344
New Zealand,04-08-2022,After Nines,Husein Augar,6433,7
New Zealand,14-06-2022,Orange Choco,Andria Kimpton,8169,88
UK,17-01-2022,Baker's Choco Chips,Dennison Crosswaite,2275,275
Canada,23-06-2022,Orange Choco,Jehu Rudeforth,3857,512
UK,24-08-2022,Smooth Sliky Salty,Jehu Rudeforth,1463,113
UK,07-06-2022,Caramel Stuffed Bars,Andria Kimpton,7924,275
UK,22-06-2022,White Choc,Jan Morforth,8799,47
USA,13-07-2022,Fruit & Nut Bars,Dotty Strutley,2898,276
UK,24-05-2022,Choco Coated Almonds,Kelci Walkden,9506,212
New Zealand,09-08-2022,After Nines,Gunar Cockshoot,7175,145
Canada,06-04-2022,85% Dark Bars,Kaine Padly,1729,31
New Zealand,28-07-2022,Manuka Honey Choco,Jan Morforth,1589,271
New Zealand,24-08-2022,Raspberry Choco,Gunar Cockshoot,630,52
Australia,17-01-2022,99% Dark & Pure,Van Tuxwell,112,128
USA,07-02-2022,Drinking Coco,Curtice Advani,5187,142
Australia,09-05-2022,Spicy Special Slims,Brien Boise,6223,256
New Zealand,06-06-2022,85% Dark Bars,Mallorie Waber,7714,106
USA,06-06-2022,Choco Coated Almonds,Wilone O'Kielt,9457,6
New Zealand,24-05-2022,Organic Choco Syrup,Beverie Moffet,6678,226
UK,13-01-2022,50% Dark Bites,Gunar Cockshoot,2107,121
USA,23-05-2022,Raspberry Choco,Marney O'Breen,6069,151
UK,29-06-2022,White Choc,Jehu Rudeforth,1862,284
New Zealand,11-03-2022,85% Dark Bars,Jehu Rudeforth,6972,89
USA,25-04-2022,85% Dark Bars,Dotty Strutley,10220,508
Australia,30-05-2022,Smooth Sliky Salty,Rafaelita Blaksland,3969,243
India,23-05-2022,Manuka Honey Choco,Curtice Advani,1547,170
USA,23-05-2022,Peanut Butter Cubes,Mallorie Waber,1162,18
Canada,24-06-2022,Peanut Butter Cubes,Van Tuxwell,6342,282
New Zealand,11-03-2022,Smooth Sliky Salty,Kelci Walkden,10633,277
USA,27-07-2022,Smooth Sliky Salty,Rafaelita Blaksland,15057,212
USA,16-08-2022,White Choc,Rafaelita Blaksland,4704,126
Canada,07-03-2022,Smooth Sliky Salty,Roddy Speechley,9338,11
New Zealand,05-04-2022,After Nines,Curtice Advani,7959,30
India,04-05-2022,85% Dark Bars,Camilla Castle,9023,51
USA,04-01-2022,Choco Coated Almonds,Ches Bonnell,14525,92
Australia,13-01-2022,Baker's Choco Chips,Marney O'Breen,5810,101
New Zealand,11-07-2022,Fruit & Nut Bars,Wilone O'Kielt,6426,98
Australia,17-05-2022,Mint Chip Choco,Kaine Padly,4403,159
New Zealand,21-07-2022,Peanut Butter Cubes,Camilla Castle,1582,62
Canada,22-02-2022,Organic Choco Syrup,Curtice Advani,791,22
India,23-05-2022,99% Dark & Pure,Jan Morforth,9100,187
Canada,12-07-2022,Drinking Coco,Rafaelita Blaksland,9884,200
UK,15-06-2022,Orange Choco,Jan Morforth,3780,201
New Zealand,23-06-2022,50% Dark Bites,Barr Faughny,4557,308
Australia,25-03-2022,Eclairs,Curtice Advani,5796,55
India,04-07-2022,Caramel Stuffed Bars,Jan Morforth,84,153
UK,12-05-2022,White Choc,Andria Kimpton,9037,101
New Zealand,04-04-2022,Raspberry Choco,Camilla Castle,4746,137
Australia,15-04-2022,Orange Choco,Madelene Upcott,6713,398
Canada,08-03-2022,Eclairs,Roddy Speechley,6237,88
India,17-01-2022,White Choc,Karlen McCaffrey,7483,232
India,22-08-2022,Mint Chip Choco,Wilone O'Kielt,1309,51
UK,25-07-2022,99% Dark & Pure,Andria Kimpton,1155,66
UK,14-06-2022,50% Dark Bites,Marney O'Breen,2989,124
India,05-04-2022,Choco Coated Almonds,Ches Bonnell,9625,78
UK,26-08-2022,Raspberry Choco,Madelene Upcott,7357,341
Australia,03-08-2022,50% Dark Bites,Wilone O'Kielt,10031,114
Canada,11-07-2022,White Choc,Gigi Bohling,6587,4
New Zealand,11-03-2022,Eclairs,Wilone O'Kielt,3311,22
UK,10-01-2022,Peanut Butter Cubes,Brien Boise,15330,30
UK,04-04-2022,Baker's Choco Chips,Roddy Speechley,14028,351
Australia,17-01-2022,50% Dark Bites,Karlen McCaffrey,6678,708
New Zealand,08-07-2022,Organic Choco Syrup,Marney O'Breen,8624,50
UK,12-04-2022,Organic Choco Syrup,Jan Morforth,1197,356
Canada,24-08-2022,Fruit & Nut Bars,Rafaelita Blaksland,483,185
UK,07-06-2022,Choco Coated Almonds,Ches Bonnell,1687,236
Canada,28-07-2022,Almond Choco,Gunar Cockshoot,1309,30
USA,21-02-2022,99% Dark & Pure,Husein Augar,9534,111
Canada,08-04-2022,Mint Chip Choco,Dennison Crosswaite,1694,289
UK,28-06-2022,Manuka Honey Choco,Brien Boise,70,103
UK,24-03-2022,Baker's Choco Chips,Van Tuxwell,2443,20
Australia,29-07-2022,Caramel Stuffed Bars,Barr Faughny,2933,55
USA,25-05-2022,Eclairs,Dennison Crosswaite,2044,90
Australia,30-03-2022,Raspberry Choco,Gigi Bohling,6524,303
USA,18-07-2022,Organic Choco Syrup,Dennison Crosswaite,12656,126
Canada,10-05-2022,Orange Choco,Beverie Moffet,8722,109
Australia,18-03-2022,Choco Coated Almonds,Mallorie Waber,15750,92
India,15-06-2022,Caramel Stuffed Bars,Ches Bonnell,6839,56
Canada,12-05-2022,50% Dark Bites,Van Tuxwell,13685,58
New Zealand,23-06-2022,Baker's Choco Chips,Kelci Walkden,2912,110
India,21-04-2022,Spicy Special Slims,Beverie Moffet,3339,171
Australia,17-08-2022,Almond Choco,Gigi Bohling,910,117
New Zealand,07-02-2022,Eclairs,Rafaelita Blaksland,19481,51
Canada,17-03-2022,Smooth Sliky Salty,Kelci Walkden,8099,118
India,01-08-2022,Baker's Choco Chips,Jan Morforth,13727,79
Australia,18-03-2022,Milk Bars,Jehu Rudeforth,8659,29
Canada,14-06-2022,Fruit & Nut Bars,Gigi Bohling,5782,103
UK,22-04-2022,Eclairs,Beverie Moffet,8463,155
New Zealand,18-01-2022,Eclairs,Marney O'Breen,4914,31
Australia,26-08-2022,99% Dark & Pure,Husein Augar,3087,128
New Zealand,10-06-2022,Fruit & Nut Bars,Gunar Cockshoot,9205,419
Canada,31-01-2022,70% Dark Bites,Curtice Advani,2303,7
New Zealand,08-04-2022,Manuka Honey Choco,Kelci Walkden,1358,106
Australia,07-06-2022,Baker's Choco Chips,Dotty Strutley,3605,68
Australia,10-02-2022,85% Dark Bars,Barr Faughny,8498,44
Australia,16-05-2022,50% Dark Bites,Beverie Moffet,700,457
India,18-03-2022,Baker's Choco Chips,Gunar Cockshoot,2191,524
Australia,13-07-2022,50% Dark Bites,Van Tuxwell,644,137
USA,25-07-2022,Manuka Honey Choco,Oby Sorrel,4340,86
Canada,19-08-2022,Choco Coated Almonds,Van Tuxwell,2282,296
Canada,24-06-2022,70% Dark Bites,Karlen McCaffrey,7714,597
Canada,20-06-2022,Fruit & Nut Bars,Kelci Walkden,826,149
India,02-08-2022,99% Dark & Pure,Camilla Castle,203,207
New Zealand,22-02-2022,70% Dark Bites,Madelene Upcott,13356,93
New Zealand,01-02-2022,Orange Choco,Mallorie Waber,6510,23
Canada,14-02-2022,70% Dark Bites,Jan Morforth,5894,305
Australia,24-02-2022,Milk Bars,Kelci Walkden,7910,125
India,18-03-2022,Orange Choco,Dennison Crosswaite,784,129
UK,30-08-2022,Eclairs,Husein Augar,1750,252
USA,09-05-2022,Peanut Butter Cubes,Gigi Bohling,280,75
USA,18-01-2022,Smooth Sliky Salty,Wilone O'Kielt,504,87
India,04-07-2022,White Choc,Curtice Advani,7154,342
New Zealand,03-06-2022,Spicy Special Slims,Oby Sorrel,1617,13
New Zealand,23-02-2022,Peanut Butter Cubes,Beverie Moffet,10822,30
New Zealand,09-05-2022,99% Dark & Pure,Dotty Strutley,10724,203
India,06-06-2022,70% Dark Bites,Kelci Walkden,3640,106
India,04-07-2022,Drinking Coco,Kelci Walkden,7532,234
New Zealand,06-06-2022,Drinking Coco,Brien Boise,1582,100
Australia,13-05-2022,Almond Choco,Dotty Strutley,1456,91
New Zealand,31-01-2022,Organic Choco Syrup,Wilone O'Kielt,2016,277
New Zealand,30-06-2022,Caramel Stuffed Bars,Ches Bonnell,7588,42
Canada,25-08-2022,Manuka Honey Choco,Barr Faughny,3402,249
New Zealand,10-01-2022,Smooth Sliky Salty,Gigi Bohling,700,97
USA,22-08-2022,Manuka Honey Choco,Brien Boise,1904,8
New Zealand,14-04-2022,85% Dark Bars,Roddy Speechley,4844,275
UK,31-05-2022,Smooth Sliky Salty,Oby Sorrel,9625,313
UK,08-04-2022,Raspberry Choco,Oby Sorrel,4599,323
USA,21-02-2022,Drinking Coco,Roddy Speechley,3003,155
Australia,30-03-2022,Manuka Honey Choco,Andria Kimpton,9744,377
India,02-03-2022,Raspberry Choco,Mallorie Waber,1400,2
USA,28-07-2022,Orange Choco,Jehu Rudeforth,364,170
New Zealand,24-03-2022,70% Dark Bites,Kaine Padly,7231,38
Australia,11-08-2022,After Nines,Curtice Advani,63,105
UK,17-05-2022,Almond Choco,Husein Augar,8309,166
Canada,18-05-2022,Choco Coated Almonds,Kaine Padly,3164,164
UK,17-08-2022,Peanut Butter Cubes,Roddy Speechley,5691,171
New Zealand,04-04-2022,Eclairs,Ches Bonnell,490,49
India,09-08-2022,85% Dark Bars,Brien Boise,18032,205
New Zealand,17-01-2022,Organic Choco Syrup,Brien Boise,637,313
Canada,14-02-2022,White Choc,Andria Kimpton,4067,29
New Zealand,16-05-2022,Orange Choco,Gigi Bohling,8204,307
Canada,16-03-2022,Smooth Sliky Salty,Ches Bonnell,9870,121
Canada,31-01-2022,70% Dark Bites,Husein Augar,5131,285
Canada,10-03-2022,Organic Choco Syrup,Barr Faughny,1141,205
UK,30-06-2022,Organic Choco Syrup,Oby Sorrel,7980,157
New Zealand,01-03-2022,Eclairs,Van Tuxwell,5229,182
UK,27-05-2022,Drinking Coco,Mallorie Waber,3423,100
UK,11-07-2022,Milk Bars,Oby Sorrel,6468,223
New Zealand,02-03-2022,Mint Chip Choco,Karlen McCaffrey,4326,61
USA,04-03-2022,Raspberry Choco,Jehu Rudeforth,7154,133
UK,23-06-2022,85% Dark Bars,Kelci Walkden,3997,228
USA,27-01-2022,Almond Choco,Kelci Walkden,5180,233
Canada,14-01-2022,Orange Choco,Marney O'Breen,2723,425
India,29-07-2022,Fruit & Nut Bars,Dennison Crosswaite,952,24
Canada,13-05-2022,Smooth Sliky Salty,Brien Boise,5691,495
Canada,03-02-2022,Baker's Choco Chips,Barr Faughny,10969,170
India,27-05-2022,Smooth Sliky Salty,Brien Boise,5964,26
Australia,18-02-2022,Drinking Coco,Jan Morforth,2821,24
India,28-01-2022,Spicy Special Slims,Brien Boise,1302,33
UK,29-06-2022,Eclairs,Van Tuxwell,5474,109
India,13-01-2022,Caramel Stuffed Bars,Wilone O'Kielt,4179,276
UK,27-06-2022,After Nines,Jehu Rudeforth,1946,164
Canada,29-03-2022,White Choc,Barr Faughny,4291,1
India,03-06-2022,Organic Choco Syrup,Gunar Cockshoot,7196,160
Canada,21-03-2022,Smooth Sliky Salty,Mallorie Waber,1939,98
India,12-04-2022,Eclairs,Mallorie Waber,10437,46
Australia,19-01-2022,Raspberry Choco,Rafaelita Blaksland,6916,259
UK,06-04-2022,50% Dark Bites,Karlen McCaffrey,3647,310
Australia,02-08-2022,50% Dark Bites,Kaine Padly,8995,78
Australia,12-04-2022,Eclairs,Gigi Bohling,7252,136
India,21-07-2022,Drinking Coco,Oby Sorrel,16380,130
New Zealand,22-03-2022,Baker's Choco Chips,Van Tuxwell,9660,24
India,09-05-2022,Peanut Butter Cubes,Husein Augar,4522,5
Australia,09-08-2022,Baker's Choco Chips,Andria Kimpton,329,109
Canada,20-07-2022,Choco Coated Almonds,Madelene Upcott,3458,294
India,14-04-2022,70% Dark Bites,Brien Boise,4641,413
Canada,25-01-2022,White Choc,Jehu Rudeforth,4627,136
Australia,25-04-2022,Almond Choco,Andria Kimpton,3192,175
Canada,17-01-2022,After Nines,Dotty Strutley,252,237
USA,15-08-2022,Eclairs,Karlen McCaffrey,868,125
Canada,02-06-2022,Fruit & Nut Bars,Karlen McCaffrey,210,16
USA,30-06-2022,85% Dark Bars,Gunar Cockshoot,7007,135
New Zealand,10-02-2022,Raspberry Choco,Dotty Strutley,5845,91
Canada,23-02-2022,Caramel Stuffed Bars,Marney O'Breen,1372,614
India,27-01-2022,Organic Choco Syrup,Dennison Crosswaite,8428,216
UK,26-05-2022,Mint Chip Choco,Camilla Castle,4977,317
USA,14-04-2022,70% Dark Bites,Brien Boise,1694,21
Australia,01-08-2022,99% Dark & Pure,Madelene Upcott,4326,154
Australia,22-08-2022,Eclairs,Mallorie Waber,9527,222
India,22-07-2022,99% Dark & Pure,Marney O'Breen,10766,157
USA,28-04-2022,Fruit & Nut Bars,Husein Augar,1288,27
Australia,30-05-2022,Almond Choco,Kelci Walkden,4879,350
USA,21-07-2022,Milk Bars,Ches Bonnell,2408,157
UK,02-08-2022,Caramel Stuffed Bars,Jan Morforth,3094,468
New Zealand,15-06-2022,70% Dark Bites,Brien Boise,7231,130
India,05-07-2022,85% Dark Bars,Oby Sorrel,8981,130
New Zealand,12-04-2022,Smooth Sliky Salty,Kaine Padly,7,518
Australia,18-08-2022,70% Dark Bites,Gigi Bohling,1372,105
UK,12-01-2022,50% Dark Bites,Jan Morforth,5250,293
Canada,11-08-2022,White Choc,Gunar Cockshoot,7560,15
Australia,13-01-2022,Spicy Special Slims,Jehu Rudeforth,5012,384
UK,29-04-2022,Baker's Choco Chips,Husein Augar,3038,135
New Zealand,07-07-2022,After Nines,Rafaelita Blaksland,1099,92
New Zealand,11-03-2022,Mint Chip Choco,Madelene Upcott,7413,4
UK,16-02-2022,70% Dark Bites,Madelene Upcott,5397,239
Australia,07-01-2022,Organic Choco Syrup,Barr Faughny,2303,33
New Zealand,12-01-2022,Drinking Coco,Beverie Moffet,1141,518
India,09-06-2022,Eclairs,Beverie Moffet,10325,147
India,16-05-2022,Eclairs,Andria Kimpton,2149,84
UK,23-06-2022,85% Dark Bars,Gigi Bohling,12362,94
UK,28-01-2022,Raspberry Choco,Roddy Speechley,12635,194
UK,14-07-2022,Mint Chip Choco,Dotty Strutley,2443,216
Canada,18-04-2022,Drinking Coco,Barr Faughny,6237,247
USA,14-06-2022,Milk Bars,Oby Sorrel,1736,79
UK,15-04-2022,Orange Choco,Oby Sorrel,7315,237
Canada,19-05-2022,Peanut Butter Cubes,Curtice Advani,4935,63
India,13-04-2022,White Choc,Gigi Bohling,1393,172
Canada,15-08-2022,Choco Coated Almonds,Husein Augar,3381,408
India,22-08-2022,Choco Coated Almonds,Wilone O'Kielt,2933,233
New Zealand,22-04-2022,Baker's Choco Chips,Wilone O'Kielt,3836,59
UK,03-08-2022,Choco Coated Almonds,Kaine Padly,8022,123
New Zealand,04-01-2022,Organic Choco Syrup,Dennison Crosswaite,371,229
Canada,13-01-2022,After Nines,Kelci Walkden,16702,198
Australia,11-05-2022,Baker's Choco Chips,Van Tuxwell,13258,32
New Zealand,16-02-2022,Peanut Butter Cubes,Husein Augar,2058,236
UK,20-05-2022,Caramel Stuffed Bars,Kaine Padly,10192,67
UK,03-02-2022,Drinking Coco,Jehu Rudeforth,7140,438
India,06-05-2022,Manuka Honey Choco,Beverie Moffet,9835,167
UK,30-06-2022,Choco Coated Almonds,Gunar Cockshoot,5775,135
UK,22-03-2022,Smooth Sliky Salty,Gunar Cockshoot,749,148
Canada,17-02-2022,Orange Choco,Camilla Castle,7770,54
UK,07-07-2022,85% Dark Bars,Jehu Rudeforth,5502,64
UK,16-03-2022,70% Dark Bites,Oby Sorrel,6223,181
UK,12-08-2022,99% Dark & Pure,Kelci Walkden,3507,114
New Zealand,21-01-2022,After Nines,Gigi Bohling,5600,181
Australia,06-05-2022,50% Dark Bites,Oby Sorrel,721,151
Canada,24-06-2022,50% Dark Bites,Oby Sorrel,6615,137
USA,05-05-2022,White Choc,Barr Faughny,7420,163
New Zealand,25-03-2022,99% Dark & Pure,Rafaelita Blaksland,3164,84
Australia,14-02-2022,Caramel Stuffed Bars,Curtice Advani,9114,140
New Zealand,12-05-2022,85% Dark Bars,Curtice Advani,5404,187
New Zealand,25-01-2022,Smooth Sliky Salty,Barr Faughny,3990,169
UK,28-06-2022,85% Dark Bars,Ches Bonnell,14924,12
Australia,13-07-2022,Drinking Coco,Dennison Crosswaite,7091,194
USA,16-05-2022,Milk Bars,Roddy Speechley,2807,252
India,14-03-2022,After Nines,Jan Morforth,6496,168
USA,15-08-2022,After Nines,Gunar Cockshoot,3738,261
India,16-02-2022,Orange Choco,Ches Bonnell,1190,256
UK,15-06-2022,Manuka Honey Choco,Mallorie Waber,8379,43
Australia,27-05-2022,Raspberry Choco,Barr Faughny,9268,100
USA,14-06-2022,Drinking Coco,Wilone O'Kielt,1029,98
India,25-02-2022,Eclairs,Wilone O'Kielt,3549,76
India,04-08-2022,After Nines,Wilone O'Kielt,12026,262
India,28-06-2022,99% Dark & Pure,Kelci Walkden,2303,244
Canada,05-04-2022,Spicy Special Slims,Gunar Cockshoot,13405,12
Canada,05-07-2022,Peanut Butter Cubes,Madelene Upcott,14763,113
New Zealand,20-01-2022,Eclairs,Kaine Padly,12894,48
New Zealand,16-02-2022,Drinking Coco,Ches Bonnell,8302,131
UK,12-07-2022,Drinking Coco,Curtice Advani,455,174
India,16-06-2022,Raspberry Choco,Kelci Walkden,8183,254
Australia,13-04-2022,Choco Coated Almonds,Dotty Strutley,1645,284
UK,21-02-2022,50% Dark Bites,Kaine Padly,3143,67
Canada,11-05-2022,Choco Coated Almonds,Roddy Speechley,5873,249
India,15-04-2022,50% Dark Bites,Ches Bonnell,11298,313
Canada,07-06-2022,Peanut Butter Cubes,Oby Sorrel,12425,167
UK,27-06-2022,White Choc,Oby Sorrel,1715,286
India,29-07-2022,After Nines,Barr Faughny,8190,109
Canada,02-06-2022,Smooth Sliky Salty,Wilone O'Kielt,4991,166
India,26-01-2022,Mint Chip Choco,Rafaelita Blaksland,15491,85
Canada,02-03-2022,99% Dark & Pure,Rafaelita Blaksland,5096,142
Australia,10-01-2022,70% Dark Bites,Van Tuxwell,7063,104
USA,27-06-2022,70% Dark Bites,Beverie Moffet,2275,115
Canada,30-06-2022,Orange Choco,Barr Faughny,7602,18
Australia,08-07-2022,85% Dark Bars,Roddy Speechley,4200,80
India,08-06-2022,Spicy Special Slims,Oby Sorrel,11137,88
UK,18-08-2022,Manuka Honey Choco,Jan Morforth,3388,212
Australia,08-04-2022,After Nines,Kaine Padly,6832,306
Canada,08-08-2022,Fruit & Nut Bars,Wilone O'Kielt,3437,181
UK,26-08-2022,Milk Bars,Wilone O'Kielt,301,65
Canada,14-01-2022,Fruit & Nut Bars,Oby Sorrel,1869,158
USA,11-08-2022,Baker's Choco Chips,Dennison Crosswaite,17465,271
USA,31-05-2022,Almond Choco,Madelene Upcott,10143,24
New Zealand,11-07-2022,50% Dark Bites,Van Tuxwell,3626,10
Canada,02-03-2022,Caramel Stuffed Bars,Karlen McCaffrey,3346,304
Australia,13-07-2022,Raspberry Choco,Madelene Upcott,6321,88
UK,03-08-2022,Spicy Special Slims,Rafaelita Blaksland,9345,133
UK,01-03-2022,Peanut Butter Cubes,Curtice Advani,15008,165
New Zealand,13-04-2022,White Choc,Kelci Walkden,7609,150
Canada,14-02-2022,Fruit & Nut Bars,Beverie Moffet,10332,180
India,26-07-2022,White Choc,Mallorie Waber,819,213
UK,27-01-2022,Drinking Coco,Brien Boise,5754,133
India,14-04-2022,Peanut Butter Cubes,Jehu Rudeforth,28,446
USA,19-05-2022,Almond Choco,Oby Sorrel,6440,141
India,09-02-2022,Eclairs,Husein Augar,4956,58
UK,25-05-2022,Spicy Special Slims,Brien Boise,2352,58
Australia,26-01-2022,Manuka Honey Choco,Oby Sorrel,3906,76
India,04-07-2022,White Choc,Beverie Moffet,1813,296
India,13-04-2022,Almond Choco,Ches Bonnell,11788,73
Australia,25-01-2022,Smooth Sliky Salty,Gigi Bohling,5768,119
USA,25-04-2022,85% Dark Bars,Camilla Castle,2401,78
USA,10-06-2022,Eclairs,Camilla Castle,4515,392
New Zealand,22-08-2022,White Choc,Madelene Upcott,10794,51
India,27-06-2022,After Nines,Van Tuxwell,13706,207
India,30-06-2022,Orange Choco,Husein Augar,4361,40
India,30-08-2022,Almond Choco,Jehu Rudeforth,10122,100
Australia,23-08-2022,Raspberry Choco,Karlen McCaffrey,994,57
New Zealand,26-08-2022,99% Dark & Pure,Camilla Castle,2268,42
Australia,09-03-2022,Orange Choco,Gigi Bohling,574,156
UK,20-04-2022,Drinking Coco,Kelci Walkden,1792,23
Canada,10-06-2022,Caramel Stuffed Bars,Mallorie Waber,4844,539
Australia,08-02-2022,Organic Choco Syrup,Husein Augar,938,158
Australia,25-08-2022,White Choc,Brien Boise,4879,22
India,16-02-2022,Peanut Butter Cubes,Dotty Strutley,9107,73
UK,30-05-2022,99% Dark & Pure,Dennison Crosswaite,12187,27
New Zealand,29-06-2022,50% Dark Bites,Gigi Bohling,5670,64
USA,16-06-2022,Milk Bars,Gigi Bohling,476,133
UK,04-03-2022,Caramel Stuffed Bars,Brien Boise,2681,149
New Zealand,15-03-2022,Peanut Butter Cubes,Curtice Advani,1533,434
New Zealand,27-01-2022,50% Dark Bites,Curtice Advani,9765,85
Canada,05-07-2022,Drinking Coco,Beverie Moffet,994,118
USA,29-03-2022,Caramel Stuffed Bars,Barr Faughny,3318,299
Canada,12-05-2022,Almond Choco,Mallorie Waber,4214,35
USA,11-03-2022,Drinking Coco,Oby Sorrel,7714,44
New Zealand,11-07-2022,Eclairs,Brien Boise,4690,299
New Zealand,01-08-2022,Choco Coated Almonds,Gunar Cockshoot,13062,62
UK,16-02-2022,Spicy Special Slims,Gunar Cockshoot,12488,200
USA,13-04-2022,After Nines,Curtice Advani,14147,235
India,14-02-2022,Choco Coated Almonds,Oby Sorrel,49,363
Australia,14-03-2022,Peanut Butter Cubes,Ches Bonnell,10199,68
Australia,26-04-2022,Spicy Special Slims,Oby Sorrel,11389,26
Canada,05-04-2022,Manuka Honey Choco,Jehu Rudeforth,3584,200
Australia,15-04-2022,70% Dark Bites,Madelene Upcott,3710,260
Australia,18-08-2022,99% Dark & Pure,Gunar Cockshoot,7952,235
Australia,26-01-2022,99% Dark & Pure,Karlen McCaffrey,10822,168
Australia,14-02-2022,After Nines,Jehu Rudeforth,5250,47
Australia,11-01-2022,Baker's Choco Chips,Dennison Crosswaite,13846,421
Australia,08-04-2022,Choco Coated Almonds,Ches Bonnell,1470,167
Australia,04-05-2022,Drinking Coco,Kelci Walkden,1288,60
Australia,13-01-2022,Mint Chip Choco,Van Tuxwell,2674,295
Australia,15-07-2022,Organic Choco Syrup,Brien Boise,4263,264
Australia,04-07-2022,Organic Choco Syrup,Roddy Speechley,3647,76
Australia,19-08-2022,Peanut Butter Cubes,Brien Boise,301,205
Australia,25-04-2022,Raspberry Choco,Mallorie Waber,8400,27
Australia,11-02-2022,Smooth Sliky Salty,Mallorie Waber,4158,109
Australia,04-01-2022,Smooth Sliky Salty,Wilone O'Kielt,2226,46
Australia,17-05-2022,Spicy Special Slims,Karlen McCaffrey,4410,323
Australia,05-07-2022,White Choc,Dotty Strutley,6055,93
Australia,21-03-2022,White Choc,Rafaelita Blaksland,6818,102
Canada,08-04-2022,70% Dark Bites,Andria Kimpton,10262,15
Canada,02-06-2022,70% Dark Bites,Van Tuxwell,7077,77
Canada,16-02-2022,85% Dark Bars,Beverie Moffet,6139,45
Canada,22-08-2022,After Nines,Kaine Padly,5845,172
Canada,12-08-2022,Almond Choco,Kaine Padly,6055,73
Canada,03-03-2022,Drinking Coco,Camilla Castle,12481,264
Canada,10-01-2022,Drinking Coco,Dennison Crosswaite,2702,24
Canada,17-05-2022,Drinking Coco,Roddy Speechley,6776,312
Canada,15-06-2022,Drinking Coco,Van Tuxwell,4900,709
Canada,06-05-2022,Eclairs,Curtice Advani,721,203
Canada,19-05-2022,Eclairs,Oby Sorrel,6111,591
Canada,26-04-2022,Milk Bars,Madelene Upcott,3612,82
Canada,27-04-2022,Orange Choco,Oby Sorrel,8757,338
Canada,26-07-2022,Organic Choco Syrup,Ches Bonnell,574,217
Canada,28-01-2022,Organic Choco Syrup,Dennison Crosswaite,8491,75
Canada,29-03-2022,Organic Choco Syrup,Kaine Padly,5684,81
Canada,16-02-2022,Peanut Butter Cubes,Andria Kimpton,1127,319
Canada,08-03-2022,Peanut Butter Cubes,Marney O'Breen,6594,91
Canada,02-05-2022,Spicy Special Slims,Rafaelita Blaksland,2520,156
Canada,05-04-2022,White Choc,Roddy Speechley,5887,268
India,14-03-2022,50% Dark Bites,Roddy Speechley,8337,12
India,23-05-2022,70% Dark Bites,Karlen McCaffrey,5075,344
India,16-02-2022,99% Dark & Pure,Ches Bonnell,455,96
India,17-01-2022,After Nines,Andria Kimpton,952,68
India,24-05-2022,Almond Choco,Beverie Moffet,3066,96
India,28-07-2022,Caramel Stuffed Bars,Gunar Cockshoot,2471,202
India,08-08-2022,Drinking Coco,Camilla Castle,469,163
India,31-05-2022,Drinking Coco,Roddy Speechley,4494,11
India,28-07-2022,Eclairs,Dotty Strutley,2086,384
India,21-07-2022,Eclairs,Van Tuxwell,10500,106
India,12-01-2022,Mint Chip Choco,Barr Faughny,7413,465
India,03-03-2022,Mint Chip Choco,Curtice Advani,8155,96
India,14-04-2022,Mint Chip Choco,Dotty Strutley,1260,239
India,30-05-2022,Orange Choco,Andria Kimpton,301,421
India,23-06-2022,Organic Choco Syrup,Beverie Moffet,1036,20
India,15-06-2022,Raspberry Choco,Husein Augar,9954,154
India,22-03-2022,Spicy Special Slims,Roddy Speechley,10647,173
New Zealand,14-02-2022,70% Dark Bites,Marney O'Breen,8603,352
New Zealand,08-08-2022,85% Dark Bars,Camilla Castle,15099,55
New Zealand,01-02-2022,85% Dark Bars,Oby Sorrel,3381,417
New Zealand,24-05-2022,99% Dark & Pure,Barr Faughny,8134,195
New Zealand,18-04-2022,99% Dark & Pure,Roddy Speechley,7483,183
New Zealand,04-05-2022,After Nines,Mallorie Waber,483,228
New Zealand,05-04-2022,Almond Choco,Andria Kimpton,6559,158
New Zealand,18-05-2022,Milk Bars,Jehu Rudeforth,2478,188
New Zealand,29-03-2022,Milk Bars,Madelene Upcott,12558,403
New Zealand,04-08-2022,Orange Choco,Dotty Strutley,2030,146
New Zealand,07-06-2022,Spicy Special Slims,Beverie Moffet,63,60
UK,09-02-2022,50% Dark Bites,Beverie Moffet,2499,271
UK,16-02-2022,50% Dark Bites,Rafaelita Blaksland,10150,68
UK,05-07-2022,After Nines,Husein Augar,3507,380
UK,21-01-2022,After Nines,Kaine Padly,18697,176
UK,06-07-2022,Almond Choco,Jan Morforth,9744,157
UK,06-06-2022,Almond Choco,Van Tuxwell,10689,204
UK,11-03-2022,Baker's Choco Chips,Jan Morforth,721,251
UK,10-08-2022,Caramel Stuffed Bars,Dotty Strutley,5768,235
UK,27-01-2022,Drinking Coco,Kaine Padly,2317,224
UK,29-03-2022,Drinking Coco,Marney O'Breen,973,28
UK,13-05-2022,Fruit & Nut Bars,Jehu Rudeforth,8589,229
UK,07-02-2022,Manuka Honey Choco,Curtice Advani,1666,106
UK,02-03-2022,Milk Bars,Barr Faughny,3864,430
UK,19-07-2022,Peanut Butter Cubes,Camilla Castle,4872,126
UK,12-08-2022,Peanut Butter Cubes,Madelene Upcott,7756,85
UK,26-04-2022,Smooth Sliky Salty,Dennison Crosswaite,546,142
USA,15-03-2022,70% Dark Bites,Dennison Crosswaite,658,77
USA,14-01-2022,70% Dark Bites,Gigi Bohling,7364,196
USA,22-06-2022,85% Dark Bars,Kaine Padly,483,259
USA,11-07-2022,Caramel Stuffed Bars,Dennison Crosswaite,2317,464
USA,07-06-2022,Choco Coated Almonds,Madelene Upcott,5446,132
USA,15-06-2022,Peanut Butter Cubes,Marney O'Breen,693,350
USA,12-01-2022,Raspberry Choco,Brien Boise,672,194
USA,03-01-2022,Raspberry Choco,Dotty Strutley,3437,46
USA,12-05-2022,Smooth Sliky Salty,Dennison Crosswaite,11781,91
USA,13-06-2022,Spicy Special Slims,Kaine Padly,2107,175
USA,07-02-2022,Spicy Special Slims,Oby Sorrel,5691,417
USA,07-06-2022,White Choc,Jehu Rudeforth,6559,119
USA,24-08-2022,White Choc,Karlen McCaffrey,4592,2
